blm_category,umls_id,MESH_ID
biolink:ChemicalEntity,UMLS:C0753747,MESH:D051780
biolink:ChemicalEntity,UMLS:C0032346,MESH:D011042
biolink:ChemicalEntity,UMLS:C0050989,MESH:D018171
biolink:Drug,UMLS:C0086491,MESH:D016756
biolink:ChemicalEntity,UMLS:C0245355,MESH:D020703
biolink:ChemicalEntity,UMLS:C1571624,MESH:D000071
biolink:ChemicalEntity,UMLS:C0949924,MESH:D029363
biolink:ChemicalEntity,UMLS:C0282553,MESH:D019743
biolink:ChemicalEntity,UMLS:C1701710,MESH:D053779
biolink:ChemicalEntity,UMLS:C0041348,MESH:D014404
biolink:ChemicalEntity,UMLS:C0015387,MESH:D010960
biolink:ChemicalEntity,UMLS:C2355587,MESH:D055355
biolink:ChemicalEntity,UMLS:C0024099,MESH:D008164
biolink:ChemicalEntity,UMLS:C0169268,MESH:D052067
biolink:Drug,UMLS:C0872968,MESH:D000079
biolink:ChemicalEntity,UMLS:C0055633,MESH:D053379
biolink:ChemicalEntity,UMLS:C1571559,MESH:D051524
biolink:ChemicalEntity,UMLS:C0293226,MESH:D051863
biolink:Drug,UMLS:C0879427,MESH:D000077
biolink:ChemicalEntity,UMLS:C0042738,MESH:D015678
biolink:ChemicalEntity,UMLS:C2001897,MESH:D062948
biolink:ChemicalEntity,UMLS:C0285890,MESH:D051844
biolink:Drug,UMLS:C0036336,MESH:D012556
biolink:ChemicalEntity,UMLS:C0072393,MESH:D017293
biolink:Drug,UMLS:C0063083,MESH:D020136
biolink:Drug,UMLS:C0034204,MESH:D011709
biolink:Drug,UMLS:C2936510,MESH:D058825
biolink:ChemicalEntity,UMLS:C1720867,MESH:D052578
biolink:ChemicalEntity,UMLS:C1258638,MESH:D050765
biolink:ChemicalEntity,UMLS:C0042706,MESH:D014758
biolink:Drug,UMLS:C1827106,MESH:D054873
biolink:ChemicalEntity,UMLS:C0085295,MESH:D016753
biolink:Drug,UMLS:C0017052,MESH:D013917
biolink:Drug,UMLS:C0210492,MESH:D019717
biolink:ChemicalEntity,UMLS:C1180333,MESH:D056444
biolink:ChemicalEntity,UMLS:C0036100,MESH:D012471
biolink:Drug,UMLS:C4704928,MESH:D018796
biolink:ChemicalEntity,UMLS:C0074448,MESH:D022622
biolink:ChemicalEntity,UMLS:C0253781,MESH:D054444
biolink:ChemicalEntity,UMLS:C0664773,MESH:D055504
biolink:ChemicalEntity,UMLS:C0287750,MESH:D051742
biolink:ChemicalEntity,UMLS:C0606594,MESH:D034441
biolink:ChemicalEntity,UMLS:C0597611,MESH:D025521
biolink:ChemicalEntity,UMLS:C1565186,MESH:D051304
biolink:ChemicalEntity,UMLS:C0531925,MESH:D051101
biolink:ChemicalEntity,UMLS:C0751607,MESH:D015683
biolink:Drug,UMLS:C0254119,MESH:D000068
biolink:Drug,UMLS:C0002904,MESH:D000759
biolink:ChemicalEntity,UMLS:C0015156,MESH:D012712
biolink:Drug,UMLS:C2936511,MESH:D058825
biolink:ChemicalEntity,UMLS:C0173924,MESH:D051783
biolink:ChemicalEntity,UMLS:C4505142,MESH:D000073
biolink:ChemicalEntity,UMLS:C3503750,MESH:D062565
biolink:ChemicalEntity,UMLS:C1564673,MESH:D050810
biolink:ChemicalEntity,UMLS:C0121472,MESH:D051543
biolink:ChemicalEntity,UMLS:C0021016,MESH:D007131
biolink:ChemicalEntity,UMLS:C3249255,MESH:D060169
biolink:ChemicalEntity,UMLS:C1565114,MESH:D051017
biolink:ChemicalEntity,UMLS:C0030616,MESH:D010320
biolink:ChemicalEntity,UMLS:C0020859,MESH:D007074
biolink:ChemicalEntity,UMLS:C0287920,MESH:D050794
biolink:ChemicalEntity,UMLS:C0038818,MESH:D013473
biolink:ChemicalEntity,UMLS:C0032167,MESH:D010969
biolink:ChemicalEntity,UMLS:C4277624,MESH:D000071
biolink:ChemicalEntity,UMLS:C0887926,MESH:D022801
biolink:ChemicalEntity,UMLS:C0085301,MESH:D016760
biolink:Drug,UMLS:C0086333,MESH:D016756
biolink:ChemicalEntity,UMLS:C1257777,MESH:D042501
biolink:ChemicalEntity,UMLS:C0054543,MESH:D037282
biolink:ChemicalEntity,UMLS:C1564583,MESH:D050756
biolink:ChemicalEntity,UMLS:C1527501,MESH:D051857
biolink:ChemicalEntity,UMLS:C0893445,MESH:D051034
biolink:ChemicalEntity,UMLS:C0898756,MESH:D034664
biolink:ChemicalEntity,UMLS:C5197793,MESH:D000081
biolink:ChemicalEntity,UMLS:C0002791,MESH:D000706
biolink:ChemicalEntity,UMLS:C3178942,MESH:D060405
biolink:ChemicalEntity,UMLS:C0033689,MESH:D011508
biolink:ChemicalEntity,UMLS:C1563385,MESH:D051856
biolink:ChemicalEntity,UMLS:C1720963,MESH:D053331
biolink:ChemicalEntity,UMLS:C1568495,MESH:D053503
biolink:ChemicalEntity,UMLS:C0031131,MESH:D033902
biolink:ChemicalEntity,UMLS:C0020840,MESH:D007070
biolink:ChemicalEntity,UMLS:C0077529,MESH:D051879
biolink:Drug,UMLS:C0019164,MESH:D006510
biolink:Drug,UMLS:C0017132,MESH:D005749
biolink:ChemicalEntity,UMLS:C0074364,MESH:D047030
biolink:ChemicalEntity,UMLS:C1449858,MESH:D047908
biolink:ChemicalEntity,UMLS:C0125271,MESH:D052118
biolink:ChemicalEntity,UMLS:C0083298,MESH:D060149
biolink:ChemicalEntity,UMLS:C0003436,MESH:D000989
biolink:ChemicalEntity,UMLS:C0032145,MESH:D015849
biolink:Drug,UMLS:C0015291,MESH:D006388
biolink:ChemicalEntity,UMLS:C0041455,MESH:D024042
biolink:ChemicalEntity,UMLS:C0872306,MESH:D005656
biolink:ChemicalEntity,UMLS:C0282587,MESH:D019006
biolink:ChemicalEntity,UMLS:C0600149,MESH:D033741
biolink:ChemicalEntity,UMLS:C0014436,MESH:D004792
biolink:ChemicalEntity,UMLS:C0919482,MESH:D050977
biolink:ChemicalEntity,UMLS:C4288198,MESH:D014030
biolink:ChemicalEntity,UMLS:C0024773,MESH:D008869
biolink:ChemicalEntity,UMLS:C0243072,MESH:Q000031
biolink:ChemicalEntity,UMLS:C0026682,MESH:D009077
biolink:ChemicalEntity,UMLS:C0134835,MESH:D019007
biolink:ChemicalEntity,UMLS:C0288881,MESH:D050765
biolink:ChemicalEntity,UMLS:C1136318,MESH:D039662
biolink:ChemicalEntity,UMLS:C1135988,MESH:D033983
biolink:ChemicalEntity,UMLS:C0017046,MESH:D053500
biolink:ChemicalEntity,UMLS:C0117317,MESH:D050556
biolink:ChemicalEntity,UMLS:C0111696,MESH:D055333
biolink:ChemicalEntity,UMLS:C1578677,MESH:D051839
biolink:ChemicalEntity,UMLS:C0525216,MESH:D051304
biolink:ChemicalEntity,UMLS:C0218694,MESH:D051739
biolink:ChemicalEntity,UMLS:C0028608,MESH:D009687
biolink:ChemicalEntity,UMLS:C0969320,MESH:D050598
biolink:ChemicalEntity,UMLS:C0244756,MESH:D000071
biolink:Drug,UMLS:C0218640,MESH:D000078
biolink:ChemicalEntity,UMLS:C0009299,MESH:D003087
biolink:ChemicalEntity,UMLS:C0002257,MESH:D038201
biolink:ChemicalEntity,UMLS:C0002290,MESH:D007768
biolink:ChemicalEntity,UMLS:C0023785,MESH:D008082
biolink:ChemicalEntity,UMLS:C0025852,MESH:D008786
biolink:ChemicalEntity,UMLS:C2718006,MESH:D057167
biolink:ChemicalEntity,UMLS:C2350532,MESH:D055747
biolink:ChemicalEntity,UMLS:C0037131,MESH:D010970
biolink:ChemicalEntity,UMLS:C0053935,MESH:D058574
biolink:ChemicalEntity,UMLS:C3494234,MESH:D061905
biolink:ChemicalEntity,UMLS:C0033243,MESH:D024062
biolink:ChemicalEntity,UMLS:C0030490,MESH:D010266
biolink:ChemicalEntity,UMLS:C0909825,MESH:D062465
biolink:ChemicalEntity,UMLS:C0380632,MESH:D036388
biolink:ChemicalEntity,UMLS:C0081595,MESH:D017302
biolink:ChemicalEntity,UMLS:C0017649,MESH:D005916
biolink:ChemicalEntity,UMLS:C0388176,MESH:D042561
biolink:ChemicalEntity,UMLS:C0109272,MESH:D018834
biolink:ChemicalEntity,UMLS:C4255174,MESH:D000072
biolink:ChemicalEntity,UMLS:C0291586,MESH:D051604
biolink:ChemicalEntity,UMLS:C0040174,MESH:D013975
biolink:Drug,UMLS:C0021081,MESH:D007166
biolink:ChemicalEntity,UMLS:C0023922,MESH:D019728
biolink:Drug,UMLS:C0008303,MESH:D002756
biolink:Drug,UMLS:C1122087,MESH:D000068
biolink:ChemicalEntity,UMLS:C0206355,MESH:D017874
biolink:ChemicalEntity,UMLS:C1136367,MESH:D039961
biolink:ChemicalEntity,UMLS:C0026404,MESH:D008983
biolink:ChemicalEntity,UMLS:C1566392,MESH:D004396
biolink:ChemicalEntity,UMLS:C0162844,MESH:D017502
biolink:ChemicalEntity,UMLS:C0380272,MESH:D053823
biolink:ChemicalEntity,UMLS:C0115654,MESH:D051959
biolink:ChemicalEntity,UMLS:C0249229,MESH:D039421
biolink:ChemicalEntity,UMLS:C0015950,MESH:D005326
biolink:ChemicalEntity,UMLS:C0909383,MESH:D051191
biolink:ChemicalEntity,UMLS:C1563386,MESH:D051638
biolink:ChemicalEntity,UMLS:C0061772,MESH:D049289
biolink:ChemicalEntity,UMLS:C0009502,MESH:D015922
biolink:ChemicalEntity,UMLS:C0062817,MESH:D059909
biolink:ChemicalEntity,UMLS:C2001632,MESH:D055263
biolink:ChemicalEntity,UMLS:C0125494,MESH:D017452
biolink:Drug,UMLS:C0015491,MESH:D005164
biolink:ChemicalEntity,UMLS:C0023826,MESH:D015243
biolink:ChemicalEntity,UMLS:C1529804,MESH:D050737
biolink:ChemicalEntity,UMLS:C0001804,MESH:D000373
biolink:ChemicalEntity,UMLS:C0162596,MESH:D017153
biolink:ChemicalEntity,UMLS:C0386595,MESH:D051525
biolink:ChemicalEntity,UMLS:C1721188,MESH:D000072
biolink:ChemicalEntity,UMLS:C0949927,MESH:D029365
biolink:ChemicalEntity,UMLS:C0009295,MESH:D003087
biolink:ChemicalEntity,UMLS:C0069115,MESH:D034961
biolink:ChemicalEntity,UMLS:C0081593,MESH:D017302
biolink:ChemicalEntity,UMLS:C2984883,MESH:D064326
biolink:ChemicalEntity,UMLS:C1533654,MESH:D051905
biolink:ChemicalEntity,UMLS:C0017135,MESH:D005752
biolink:ChemicalEntity,UMLS:C0009523,MESH:D003183
biolink:ChemicalEntity,UMLS:C0607430,MESH:D037161
biolink:ChemicalEntity,UMLS:C0961232,MESH:D050719
biolink:ChemicalEntity,UMLS:C1564779,MESH:D050888
biolink:ChemicalEntity,UMLS:C0074782,MESH:D049992
biolink:Drug,UMLS:C3657270,MESH:D000077
biolink:Drug,UMLS:C2936790,MESH:D058672
biolink:ChemicalEntity,UMLS:C0752081,MESH:D020717
biolink:Drug,UMLS:C0003429,MESH:D000986
biolink:ChemicalEntity,UMLS:C0042731,MESH:D014763
biolink:Drug,UMLS:C0015879,MESH:D005293
biolink:ChemicalEntity,UMLS:C1704265,MESH:D000071
biolink:ChemicalEntity,UMLS:C0021008,MESH:D007127
biolink:Drug,UMLS:C0037250,MESH:D009465
biolink:ChemicalEntity,UMLS:C0051926,MESH:D017487
biolink:ChemicalEntity,UMLS:C0752084,MESH:D020717
biolink:ChemicalEntity,UMLS:C1530804,MESH:D051028
biolink:ChemicalEntity,UMLS:C3178812,MESH:D059470
biolink:ChemicalEntity,UMLS:C0011651,MESH:D003885
biolink:ChemicalEntity,UMLS:C0017954,MESH:D006021
biolink:ChemicalEntity,UMLS:C0125575,MESH:D051756
biolink:ChemicalEntity,UMLS:C1571481,MESH:D051604
biolink:ChemicalEntity,UMLS:C0872014,MESH:D054758
biolink:ChemicalEntity,UMLS:C1566680,MESH:D051857
biolink:Drug,UMLS:C0062801,MESH:D059870
biolink:ChemicalEntity,UMLS:C0173932,MESH:D050820
biolink:ChemicalEntity,UMLS:C0016198,MESH:D005411
biolink:ChemicalEntity,UMLS:C0002716,MESH:D000682
biolink:ChemicalEntity,UMLS:C0074447,MESH:D022621
biolink:ChemicalEntity,UMLS:C0169272,MESH:D052067
biolink:ChemicalEntity,UMLS:C0018624,MESH:D015386
biolink:ChemicalEntity,UMLS:C0039347,MESH:D014168
biolink:Drug,UMLS:C0122044,MESH:D059847
biolink:ChemicalEntity,UMLS:C0001345,MESH:D000511
biolink:ChemicalEntity,UMLS:C0606869,MESH:D020717
biolink:ChemicalEntity,UMLS:C0029005,MESH:D015513
biolink:ChemicalEntity,UMLS:C1564495,MESH:D050682
biolink:Drug,UMLS:C0003241,MESH:D000906
biolink:ChemicalEntity,UMLS:C0251842,MESH:D020756
biolink:ChemicalEntity,UMLS:C0753015,MESH:D050995
biolink:ChemicalEntity,UMLS:C0962036,MESH:D050556
biolink:ChemicalEntity,UMLS:C0086446,MESH:D016328
biolink:ChemicalEntity,UMLS:C0024320,MESH:D008233
biolink:ChemicalEntity,UMLS:C1257804,MESH:D043165
biolink:ChemicalEntity,UMLS:C0534164,MESH:D050680
biolink:ChemicalEntity,UMLS:C0085144,MESH:D005956
biolink:ChemicalEntity,UMLS:C1563377,MESH:D051672
biolink:ChemicalEntity,UMLS:C0173943,MESH:D050809
biolink:ChemicalEntity,UMLS:C3849998,MESH:D066255
biolink:Drug,UMLS:C0242900,MESH:D018683
biolink:ChemicalEntity,UMLS:C0005205,MESH:D038206
biolink:Drug,UMLS:C0354100,MESH:D049994
biolink:Drug,UMLS:C0003405,MESH:D000978
biolink:Drug,UMLS:C2936800,MESH:D058786
biolink:Drug,UMLS:C0282732,MESH:D065347
biolink:ChemicalEntity,UMLS:C1563723,MESH:D050052
biolink:ChemicalEntity,UMLS:C0021009,MESH:D007128
biolink:ChemicalEntity,UMLS:C0812319,MESH:D053782
biolink:ChemicalEntity,UMLS:C0006685,MESH:D015220
biolink:ChemicalEntity,UMLS:C1449651,MESH:D000682
biolink:ChemicalEntity,UMLS:C0086867,MESH:D003115
biolink:ChemicalEntity,UMLS:C0377340,MESH:D039502
biolink:Drug,UMLS:C0020262,MESH:D002756
biolink:ChemicalEntity,UMLS:C0042147,MESH:D014598
biolink:ChemicalEntity,UMLS:C4505141,MESH:D000073
biolink:ChemicalEntity,UMLS:C0949772,MESH:D026921
biolink:ChemicalEntity,UMLS:C0027946,MESH:D009502
biolink:Drug,UMLS:C3494198,MESH:D061567
biolink:Drug,UMLS:C3810852,MESH:D065101
biolink:ChemicalEntity,UMLS:C0069428,MESH:D063345
biolink:ChemicalEntity,UMLS:C0378085,MESH:D050656
biolink:ChemicalEntity,UMLS:C0246703,MESH:D020839
biolink:ChemicalEntity,UMLS:C0019047,MESH:D006455
biolink:ChemicalEntity,UMLS:C0219484,MESH:D050985
biolink:ChemicalEntity,UMLS:C1257776,MESH:D042501
biolink:ChemicalEntity,UMLS:C0019737,MESH:D015235
biolink:ChemicalEntity,UMLS:C0671412,MESH:D036389
biolink:Drug,UMLS:C0085385,MESH:D016859
biolink:ChemicalEntity,UMLS:C0769635,MESH:D064247
biolink:ChemicalEntity,UMLS:C0606872,MESH:D064067
biolink:ChemicalEntity,UMLS:C0026476,MESH:D014168
biolink:ChemicalEntity,UMLS:C0963643,MESH:C419192
biolink:ChemicalEntity,UMLS:C1448506,MESH:D051777
biolink:ChemicalEntity,UMLS:C0007364,MESH:D002373
biolink:ChemicalEntity,UMLS:C0752118,MESH:D020747
biolink:ChemicalEntity,UMLS:C1565319,MESH:D051376
biolink:ChemicalEntity,UMLS:C0037336,MESH:D000511
biolink:ChemicalEntity,UMLS:C3494231,MESH:D061905
biolink:ChemicalEntity,UMLS:C4255011,MESH:D000071
biolink:ChemicalEntity,UMLS:C3658250,MESH:D064235
biolink:ChemicalEntity,UMLS:C0067057,MESH:D064211
biolink:Drug,UMLS:C0911116,MESH:D060945
biolink:ChemicalEntity,UMLS:C4280014,MESH:D000072
biolink:ChemicalEntity,UMLS:C0007991,MESH:D002619
biolink:ChemicalEntity,UMLS:C0079407,MESH:D016356
biolink:ChemicalEntity,UMLS:C0039536,MESH:D013723
biolink:Drug,UMLS:C1563758,MESH:D050257
biolink:ChemicalEntity,UMLS:C0905221,MESH:D051818
biolink:Drug,UMLS:C1120969,MESH:D000069
biolink:ChemicalEntity,UMLS:C0378149,MESH:D020729
biolink:ChemicalEntity,UMLS:C0205666,MESH:D053299
biolink:ChemicalEntity,UMLS:C0037492,MESH:D015222
biolink:ChemicalEntity,UMLS:C1534905,MESH:D051382
biolink:ChemicalEntity,UMLS:C1335252,MESH:D063150
biolink:Drug,UMLS:C0087067,MESH:D013668
biolink:ChemicalEntity,UMLS:C0128125,MESH:D000072
biolink:ChemicalEntity,UMLS:C0537474,MESH:D051780
biolink:Drug,UMLS:C0282559,MESH:D018931
biolink:Drug,UMLS:C0040724,MESH:D014179
biolink:ChemicalEntity,UMLS:C0002976,MESH:D043925
biolink:ChemicalEntity,UMLS:C0907411,MESH:D037181
biolink:ChemicalEntity,UMLS:C0147935,MESH:D053495
biolink:ChemicalEntity,UMLS:C4318444,MESH:D000076
biolink:ChemicalEntity,UMLS:C0019353,MESH:D017405
biolink:ChemicalEntity,UMLS:C0058989,MESH:D039562
biolink:ChemicalEntity,UMLS:C0071061,MESH:D036781
biolink:ChemicalEntity,UMLS:C0949614,MESH:D024121
biolink:ChemicalEntity,UMLS:C0019124,MESH:D053878
biolink:ChemicalEntity,UMLS:C1578592,MESH:D051604
biolink:ChemicalEntity,UMLS:C0965743,MESH:D061027
biolink:ChemicalEntity,UMLS:C3652446,MESH:D000082
biolink:ChemicalEntity,UMLS:C0378533,MESH:D051672
biolink:Drug,UMLS:C0242181,MESH:D000697
biolink:ChemicalEntity,UMLS:C0028318,MESH:D009632
biolink:ChemicalEntity,UMLS:C1531392,MESH:D050983
biolink:ChemicalEntity,UMLS:C0039219,MESH:D009238
biolink:Drug,UMLS:C3658225,MESH:D064690
biolink:Drug,UMLS:C3537128,MESH:D065092
biolink:ChemicalEntity,UMLS:C0086029,MESH:D024082
biolink:ChemicalEntity,UMLS:C0081598,MESH:D051943
biolink:ChemicalEntity,UMLS:C0522084,MESH:D007633
biolink:Drug,UMLS:C0966326,MESH:C426643
biolink:ChemicalEntity,UMLS:C0038731,MESH:D013435
biolink:Drug,UMLS:C0243192,MESH:Q000819
biolink:ChemicalEntity,UMLS:C2717904,MESH:D056827
biolink:ChemicalEntity,UMLS:C0003139,MESH:Q000037
biolink:ChemicalEntity,UMLS:C1564132,MESH:D050479
biolink:ChemicalEntity,UMLS:C0062056,MESH:D050961
biolink:ChemicalEntity,UMLS:C0757880,MESH:D056765
biolink:ChemicalEntity,UMLS:C0169975,MESH:D018976
biolink:ChemicalEntity,UMLS:C0040623,MESH:D054322
biolink:ChemicalEntity,UMLS:C0168553,MESH:D051759
biolink:ChemicalEntity,UMLS:C0296845,MESH:D050761
biolink:ChemicalEntity,UMLS:C0019683,MESH:D015483
biolink:ChemicalEntity,UMLS:C0210149,MESH:D020663
biolink:ChemicalEntity,UMLS:C0008747,MESH:D002919
biolink:Drug,UMLS:C0074529,MESH:D047011
biolink:ChemicalEntity,UMLS:C0071346,MESH:D039102
biolink:ChemicalEntity,UMLS:C0070348,MESH:D039665
biolink:ChemicalEntity,UMLS:C0242617,MESH:D018398
biolink:ChemicalEntity,UMLS:C0108791,MESH:D060265
biolink:ChemicalEntity,UMLS:C0072348,MESH:D018046
biolink:ChemicalEntity,UMLS:C0887927,MESH:D022801
biolink:ChemicalEntity,UMLS:C0055062,MESH:D000076
biolink:ChemicalEntity,UMLS:C1568213,MESH:D052239
biolink:ChemicalEntity,UMLS:C1175097,MESH:D059951
biolink:ChemicalEntity,UMLS:C4505180,MESH:D000074
biolink:Drug,UMLS:C0033488,MESH:D011429
biolink:ChemicalEntity,UMLS:C0754090,MESH:D036384
biolink:ChemicalEntity,UMLS:C0111608,MESH:D000072
biolink:ChemicalEntity,UMLS:C0965208,MESH:D050857
biolink:ChemicalEntity,UMLS:C0243958,MESH:D034541
biolink:ChemicalEntity,UMLS:C0018501,MESH:D006202
biolink:ChemicalEntity,UMLS:C0079785,MESH:D016177
biolink:ChemicalEntity,UMLS:C0293060,MESH:D058570
biolink:Drug,UMLS:C0242905,MESH:D018687
biolink:ChemicalEntity,UMLS:C1621248,MESH:D060185
biolink:ChemicalEntity,UMLS:C0022714,MESH:D007705
biolink:ChemicalEntity,UMLS:C0118522,MESH:D051268
biolink:ChemicalEntity,UMLS:C0005281,MESH:D013049
biolink:ChemicalEntity,UMLS:C0014642,MESH:D055547
biolink:Drug,UMLS:C3850099,MESH:D065127
biolink:ChemicalEntity,UMLS:C0162595,MESH:D017152
biolink:Drug,UMLS:C5392069,MESH:D000082
biolink:Drug,UMLS:C0086348,MESH:D016756
biolink:ChemicalEntity,UMLS:C0214222,MESH:D051996
biolink:ChemicalEntity,UMLS:C2717944,MESH:D056950
biolink:ChemicalEntity,UMLS:C0002307,MESH:D009498
biolink:ChemicalEntity,UMLS:C0004525,MESH:D001400
biolink:ChemicalEntity,UMLS:C0949455,MESH:D014452
biolink:ChemicalEntity,UMLS:C1449808,MESH:D048069
biolink:ChemicalEntity,UMLS:C0068563,MESH:D019922
biolink:ChemicalEntity,UMLS:C0022142,MESH:D000199
biolink:ChemicalEntity,UMLS:C0752080,MESH:D020717
biolink:Drug,UMLS:C0162321,MESH:D000922
biolink:ChemicalEntity,UMLS:C0086658,MESH:D014760
biolink:ChemicalEntity,UMLS:C0002189,MESH:D000511
biolink:Drug,UMLS:C0009325,MESH:D003094
biolink:ChemicalEntity,UMLS:C0073336,MESH:D038601
biolink:ChemicalEntity,UMLS:C0012940,MESH:D004268
biolink:ChemicalEntity,UMLS:C5200760,MESH:D000080
biolink:ChemicalEntity,UMLS:C0539345,MESH:D050659
biolink:ChemicalEntity,UMLS:C0039346,MESH:D038225
biolink:Drug,UMLS:C1516869,MESH:D065130
biolink:ChemicalEntity,UMLS:C0135572,MESH:D051762
biolink:ChemicalEntity,UMLS:C0143146,MESH:D037662
biolink:ChemicalEntity,UMLS:C0751973,MESH:D020543
biolink:Drug,UMLS:C1563745,MESH:D047228
biolink:ChemicalEntity,UMLS:C4042921,MESH:D000068
biolink:ChemicalEntity,UMLS:C1136340,MESH:D039961
biolink:ChemicalEntity,UMLS:C0753413,MESH:D050857
biolink:ChemicalEntity,UMLS:C0084133,MESH:D025821
biolink:ChemicalEntity,UMLS:C0075691,MESH:D053667
biolink:ChemicalEntity,UMLS:C0031858,MESH:D010835
biolink:ChemicalEntity,UMLS:C0084726,MESH:D051822
biolink:ChemicalEntity,UMLS:C1138400,MESH:D034541
biolink:ChemicalEntity,UMLS:C0165255,MESH:D036781
biolink:ChemicalEntity,UMLS:C1571641,MESH:D051702
biolink:ChemicalEntity,UMLS:C0079665,MESH:D016271
biolink:ChemicalEntity,UMLS:C0021463,MESH:D007265
biolink:ChemicalEntity,UMLS:C0299583,MESH:D020738
biolink:ChemicalEntity,UMLS:C0282554,MESH:D018925
biolink:ChemicalEntity,UMLS:C0028593,MESH:D015534
biolink:ChemicalEntity,UMLS:C1955910,MESH:D054402
biolink:ChemicalEntity,UMLS:C0949774,MESH:D026923
biolink:Drug,UMLS:C1956071,MESH:D054828
biolink:ChemicalEntity,UMLS:C0121471,MESH:D051542
biolink:ChemicalEntity,UMLS:C0070775,MESH:D028081
biolink:Drug,UMLS:C0034862,MESH:D014614
biolink:ChemicalEntity,UMLS:C0029446,MESH:D015676
biolink:ChemicalEntity,UMLS:C0949751,MESH:D026502
biolink:ChemicalEntity,UMLS:C0288912,MESH:D028901
biolink:ChemicalEntity,UMLS:C0540651,MESH:D053446
biolink:ChemicalEntity,UMLS:C0069116,MESH:D051839
biolink:ChemicalEntity,UMLS:C0294031,MESH:D051662
biolink:ChemicalEntity,UMLS:C0090388,MESH:D048948
biolink:ChemicalEntity,UMLS:C0030466,MESH:D014760
biolink:ChemicalEntity,UMLS:C0018976,MESH:D006422
biolink:ChemicalEntity,UMLS:C1529423,MESH:D050613
biolink:ChemicalEntity,UMLS:C0019016,MESH:D006441
biolink:ChemicalEntity,UMLS:C1334343,MESH:D060588
biolink:ChemicalEntity,UMLS:C0140116,MESH:D051603
biolink:ChemicalEntity,UMLS:C0026045,MESH:D008869
biolink:ChemicalEntity,UMLS:C1720827,MESH:D017209
biolink:ChemicalEntity,UMLS:C4704912,MESH:D011484
biolink:Drug,UMLS:C0082920,MESH:D059951
biolink:ChemicalEntity,UMLS:C1566492,MESH:D051765
biolink:ChemicalEntity,UMLS:C4318629,MESH:D000075
biolink:ChemicalEntity,UMLS:C0145686,MESH:D054480
biolink:ChemicalEntity,UMLS:C0949776,MESH:D026962
biolink:ChemicalEntity,UMLS:C0640485,MESH:D000081
biolink:ChemicalEntity,UMLS:C0645500,MESH:D003182
biolink:ChemicalEntity,UMLS:C0208529,MESH:D034021
biolink:Drug,UMLS:C0887902,MESH:D022462
biolink:ChemicalEntity,UMLS:C0001657,MESH:D000325
biolink:ChemicalEntity,UMLS:C0250494,MESH:D058978
biolink:ChemicalEntity,UMLS:C0021028,MESH:D007137
biolink:ChemicalEntity,UMLS:C0242554,MESH:D015480
biolink:ChemicalEntity,UMLS:C0055637,MESH:D053381
biolink:ChemicalEntity,UMLS:C0085177,MESH:D016601
biolink:ChemicalEntity,UMLS:C0041194,MESH:D014333
biolink:ChemicalEntity,UMLS:C4277622,MESH:D000071
biolink:ChemicalEntity,UMLS:C4277604,MESH:D000071
biolink:ChemicalEntity,UMLS:C0084692,MESH:D037663
biolink:ChemicalEntity,UMLS:C0752054,MESH:D020648
biolink:ChemicalEntity,UMLS:C0084821,MESH:D051557
biolink:ChemicalEntity,UMLS:C0087045,MESH:D016704
biolink:ChemicalEntity,UMLS:C1457899,MESH:D055435
biolink:ChemicalEntity,UMLS:C1257999,MESH:D017936
biolink:ChemicalEntity,UMLS:C1564371,MESH:D050582
biolink:Drug,UMLS:C1257849,MESH:D043924
biolink:ChemicalEntity,UMLS:C0062823,MESH:D059947
biolink:ChemicalEntity,UMLS:C0108050,MESH:D064030
biolink:ChemicalEntity,UMLS:C0023513,MESH:D007961
biolink:ChemicalEntity,UMLS:C3486452,MESH:D000078
biolink:ChemicalEntity,UMLS:C0062709,MESH:D053439
biolink:ChemicalEntity,UMLS:C4255067,MESH:D000071
biolink:ChemicalEntity,UMLS:C0814023,MESH:D024642
biolink:Drug,UMLS:C0917883,MESH:D002483
biolink:ChemicalEntity,UMLS:C0056198,MESH:D050776
biolink:ChemicalEntity,UMLS:C0949791,MESH:D027361
biolink:ChemicalEntity,UMLS:C0282575,MESH:D018977
biolink:ChemicalEntity,UMLS:C0173933,MESH:D050818
biolink:ChemicalEntity,UMLS:C1568245,MESH:D052244
biolink:ChemicalEntity,UMLS:C1564584,MESH:D050756
biolink:ChemicalEntity,UMLS:C2350551,MESH:D055760
biolink:Drug,UMLS:C0947704,MESH:D015718
biolink:Drug,UMLS:C2936516,MESH:D058828
biolink:ChemicalEntity,UMLS:C0124761,MESH:D000072
biolink:ChemicalEntity,UMLS:C1529674,MESH:D050699
biolink:ChemicalEntity,UMLS:C0289325,MESH:D039503
biolink:ChemicalEntity,UMLS:C0657785,MESH:D051676
biolink:ChemicalEntity,UMLS:C0062816,MESH:D059908
biolink:ChemicalEntity,UMLS:C0526260,MESH:D023081
biolink:ChemicalEntity,UMLS:C0146952,MESH:D017830
biolink:Drug,UMLS:C1564892,MESH:D051056
biolink:ChemicalEntity,UMLS:C1175428,MESH:D045346
biolink:ChemicalEntity,UMLS:C0007082,MESH:D002272
biolink:ChemicalEntity,UMLS:C3178938,MESH:D060365
biolink:ChemicalEntity,UMLS:C0014018,MESH:D045703
biolink:ChemicalEntity,UMLS:C3179452,MESH:D000067
biolink:ChemicalEntity,UMLS:C0021769,MESH:D007381
biolink:ChemicalEntity,UMLS:C0035938,MESH:D012416
biolink:ChemicalEntity,UMLS:C1566942,MESH:D013007
biolink:ChemicalEntity,UMLS:C4255255,MESH:D000071
biolink:Drug,UMLS:C0015506,MESH:D005169
biolink:ChemicalEntity,UMLS:C0169144,MESH:D053773
biolink:ChemicalEntity,UMLS:C1136369,MESH:D039961
biolink:ChemicalEntity,UMLS:C0251400,MESH:D000076
biolink:ChemicalEntity,UMLS:C0676794,MESH:D051378
biolink:ChemicalEntity,UMLS:C1530353,MESH:D050857
biolink:ChemicalEntity,UMLS:C0108754,MESH:D019002
biolink:ChemicalEntity,UMLS:C3152112,MESH:D000076
biolink:ChemicalEntity,UMLS:C1530729,MESH:D051256
biolink:Drug,UMLS:C1258800,MESH:D045930
biolink:ChemicalEntity,UMLS:C0081939,MESH:D019408
biolink:Drug,UMLS:C0074800,MESH:C037115
biolink:ChemicalEntity,UMLS:C0033187,MESH:D024042
biolink:Drug,UMLS:C0598272,MESH:D065105
biolink:ChemicalEntity,UMLS:C3494367,MESH:D062805
biolink:ChemicalEntity,UMLS:C2350540,MESH:D055751
biolink:ChemicalEntity,UMLS:C0249403,MESH:D051265
biolink:Drug,UMLS:C0289523,MESH:D000074
biolink:ChemicalEntity,UMLS:C4255314,MESH:D000070
biolink:ChemicalEntity,UMLS:C0887849,MESH:D044388
biolink:Drug,UMLS:C0041242,MESH:D014361
biolink:ChemicalEntity,UMLS:C0534100,MESH:D025842
biolink:ChemicalEntity,UMLS:C0288122,MESH:D050676
biolink:ChemicalEntity,UMLS:C0032350,MESH:D011043
biolink:ChemicalEntity,UMLS:C0002274,MESH:D006433
biolink:ChemicalEntity,UMLS:C1619116,MESH:D050491
biolink:ChemicalEntity,UMLS:C0021072,MESH:D007162
biolink:ChemicalEntity,UMLS:C0166441,MESH:D051275
biolink:ChemicalEntity,UMLS:C0127164,MESH:D026341
biolink:ChemicalEntity,UMLS:C0035499,MESH:D012243
biolink:ChemicalEntity,UMLS:C0648924,MESH:D039223
biolink:Drug,UMLS:C0012802,MESH:D049993
biolink:ChemicalEntity,UMLS:C0009412,MESH:D007071
biolink:ChemicalEntity,UMLS:C0008989,MESH:D002989
biolink:Drug,UMLS:C0005525,MESH:D007155
biolink:ChemicalEntity,UMLS:C0767393,MESH:D053264
biolink:ChemicalEntity,UMLS:C3658352,MESH:D064130
biolink:Drug,UMLS:C0723325,MESH:D000077
biolink:Drug,UMLS:C0663182,MESH:D000077
biolink:Drug,UMLS:C0282686,MESH:D019141
biolink:ChemicalEntity,UMLS:C0069580,MESH:D017299
biolink:ChemicalEntity,UMLS:C1676737,MESH:D053553
biolink:ChemicalEntity,UMLS:C0074477,MESH:D052116
biolink:ChemicalEntity,UMLS:C0949723,MESH:D025841
biolink:Drug,UMLS:C0003410,MESH:D000979
biolink:ChemicalEntity,UMLS:C0384189,MESH:D056920
biolink:ChemicalEntity,UMLS:C1098076,MESH:D054422
biolink:Drug,UMLS:C0036763,MESH:D015843
biolink:Drug,UMLS:C0971657,MESH:C429268
biolink:Drug,UMLS:C3850053,MESH:D065692
biolink:ChemicalEntity,UMLS:C0027898,MESH:D009481
biolink:Drug,UMLS:C0030512,MESH:D010277
biolink:ChemicalEntity,UMLS:C2717848,MESH:D056511
biolink:ChemicalEntity,UMLS:C0019053,MESH:D006460
biolink:ChemicalEntity,UMLS:C1527491,MESH:D051137
biolink:ChemicalEntity,UMLS:C0026050,MESH:D014819
biolink:ChemicalEntity,UMLS:C0137872,MESH:D038941
biolink:ChemicalEntity,UMLS:C0063413,MESH:D037561
biolink:ChemicalEntity,UMLS:C0033801,MESH:D012712
biolink:ChemicalEntity,UMLS:C0288875,MESH:D050765
biolink:ChemicalEntity,UMLS:C1625151,MESH:D060887
biolink:ChemicalEntity,UMLS:C0533642,MESH:D033721
biolink:ChemicalEntity,UMLS:C0291598,MESH:D051191
biolink:ChemicalEntity,UMLS:C1610534,MESH:D000074
biolink:ChemicalEntity,UMLS:C0209278,MESH:D051538
biolink:ChemicalEntity,UMLS:C2936340,MESH:D058125
biolink:Drug,UMLS:C0039051,MESH:D013565
biolink:ChemicalEntity,UMLS:C0001245,MESH:D000185
biolink:ChemicalEntity,UMLS:C0026832,MESH:D009124
biolink:ChemicalEntity,UMLS:C0111429,MESH:D019927
biolink:ChemicalEntity,UMLS:C0169582,MESH:D050494
biolink:ChemicalEntity,UMLS:C0299811,MESH:D000071
biolink:ChemicalEntity,UMLS:C0070980,MESH:D052979
biolink:ChemicalEntity,UMLS:C0004434,MESH:D001360
biolink:Drug,UMLS:C1955826,MESH:D006634
biolink:ChemicalEntity,UMLS:C0949708,MESH:D025604
biolink:ChemicalEntity,UMLS:C0758551,MESH:D051605
biolink:ChemicalEntity,UMLS:C0027100,MESH:D018995
biolink:ChemicalEntity,UMLS:C4277649,MESH:D000071
biolink:ChemicalEntity,UMLS:C0010804,MESH:D053535
biolink:ChemicalEntity,UMLS:C0003248,MESH:D000910
biolink:ChemicalEntity,UMLS:C0165970,MESH:D039223
biolink:ChemicalEntity,UMLS:C0009293,MESH:D003087
biolink:Drug,UMLS:C0003448,MESH:D000995
biolink:Drug,UMLS:C0041983,MESH:D014528
biolink:ChemicalEntity,UMLS:C0053574,MESH:D058578
biolink:ChemicalEntity,UMLS:C0021035,MESH:D007144
biolink:Drug,UMLS:C0009908,MESH:D003279
biolink:ChemicalEntity,UMLS:C0251054,MESH:D060170
biolink:ChemicalEntity,UMLS:C1136315,MESH:D039861
biolink:ChemicalEntity,UMLS:C0021029,MESH:D007138
biolink:ChemicalEntity,UMLS:C0055966,MESH:D051152
biolink:Drug,UMLS:C1619966,MESH:D000069
biolink:ChemicalEntity,UMLS:C0010012,MESH:D014758
biolink:ChemicalEntity,UMLS:C1448284,MESH:D039223
biolink:Drug,UMLS:C0064294,MESH:D051523
biolink:ChemicalEntity,UMLS:C0079459,MESH:D016179
biolink:ChemicalEntity,UMLS:C0107264,MESH:D000071
biolink:ChemicalEntity,UMLS:C0282682,MESH:D019138
biolink:ChemicalEntity,UMLS:C0051310,MESH:D033965
biolink:Drug,UMLS:C0966225,MESH:D000069
biolink:ChemicalEntity,UMLS:C0763396,MESH:D051033
biolink:ChemicalEntity,UMLS:C0132777,MESH:D049294
biolink:ChemicalEntity,UMLS:C0949599,MESH:D024021
biolink:Drug,UMLS:C0304490,MESH:D062865
biolink:Drug,UMLS:C0000782,MESH:D000019
biolink:ChemicalEntity,UMLS:C0027752,MESH:D020932
biolink:ChemicalEntity,UMLS:C0287683,MESH:D050827
biolink:ChemicalEntity,UMLS:C0085401,MESH:D016875
biolink:ChemicalEntity,UMLS:C0968156,MESH:D051340
biolink:Drug,UMLS:C0010658,MESH:D015853
biolink:ChemicalEntity,UMLS:C2350438,MESH:D055545
biolink:ChemicalEntity,UMLS:C4319744,MESH:D000075
biolink:ChemicalEntity,UMLS:C0903890,MESH:D050986
biolink:ChemicalEntity,UMLS:C1136317,MESH:D039642
biolink:Drug,UMLS:C0723012,MESH:D000069
biolink:Drug,UMLS:C0524776,MESH:D016756
biolink:ChemicalEntity,UMLS:C0898695,MESH:D039601
biolink:Drug,UMLS:C0085998,MESH:D000922
biolink:Drug,UMLS:C2936829,MESH:D058915
biolink:ChemicalEntity,UMLS:C0245421,MESH:D020756
biolink:ChemicalEntity,UMLS:C1566789,MESH:D051898
biolink:Drug,UMLS:C0010861,MESH:D000903
biolink:ChemicalEntity,UMLS:C0052191,MESH:D053305
biolink:Drug,UMLS:C3273807,MESH:D000077
biolink:ChemicalEntity,UMLS:C0074785,MESH:D017923
biolink:ChemicalEntity,UMLS:C0379844,MESH:D050778
biolink:Drug,UMLS:C0021084,MESH:D000922
biolink:Drug,UMLS:C0600437,MESH:D020030
biolink:ChemicalEntity,UMLS:C4277675,MESH:D000070
biolink:ChemicalEntity,UMLS:C1883036,MESH:D057127
biolink:Drug,UMLS:C3542463,MESH:D000069
biolink:ChemicalEntity,UMLS:C0676150,MESH:D054371
biolink:Drug,UMLS:C0701400,MESH:D000074
biolink:ChemicalEntity,UMLS:C0043053,MESH:D014873
biolink:ChemicalEntity,UMLS:C0056174,MESH:D050678
biolink:ChemicalEntity,UMLS:C0258439,MESH:D047990
biolink:ChemicalEntity,UMLS:C1136370,MESH:D039961
biolink:ChemicalEntity,UMLS:C0002722,MESH:D000685
biolink:ChemicalEntity,UMLS:C0072249,MESH:D012083
biolink:ChemicalEntity,UMLS:C0906203,MESH:D050765
biolink:ChemicalEntity,UMLS:C0904585,MESH:D050857
biolink:ChemicalEntity,UMLS:C0085168,MESH:D016587
biolink:ChemicalEntity,UMLS:C1531193,MESH:D051178
biolink:ChemicalEntity,UMLS:C0009336,MESH:D024142
biolink:ChemicalEntity,UMLS:C0167220,MESH:D050976
biolink:Drug,UMLS:C0600308,MESH:D011060
biolink:ChemicalEntity,UMLS:C0378212,MESH:D020726
biolink:ChemicalEntity,UMLS:C0123804,MESH:D035021
biolink:Drug,UMLS:C0242899,MESH:D018683
biolink:ChemicalEntity,UMLS:C4318429,MESH:D000075
biolink:Drug,UMLS:C3494243,MESH:D061965
biolink:ChemicalEntity,UMLS:C1619126,MESH:D000076
biolink:ChemicalEntity,UMLS:C1564904,MESH:D051177
biolink:Drug,UMLS:C0003236,MESH:D000903
biolink:ChemicalEntity,UMLS:C0002278,MESH:D000199
biolink:ChemicalEntity,UMLS:C0009338,MESH:D024102
biolink:Drug,UMLS:C0008304,MESH:D002756
biolink:ChemicalEntity,UMLS:C0253906,MESH:D039663
biolink:ChemicalEntity,UMLS:C0086496,MESH:D016755
biolink:ChemicalEntity,UMLS:C0032052,MESH:D010928
biolink:ChemicalEntity,UMLS:C0019728,MESH:D015234
biolink:Drug,UMLS:C0003426,MESH:D000892
biolink:Drug,UMLS:C0034208,MESH:D011709
biolink:Drug,UMLS:C0034199,MESH:D011709
biolink:ChemicalEntity,UMLS:C0020860,MESH:D007074
biolink:ChemicalEntity,UMLS:C0537467,MESH:D055418
biolink:ChemicalEntity,UMLS:C4280006,MESH:D000072
biolink:ChemicalEntity,UMLS:C0212766,MESH:D051960
biolink:Drug,UMLS:C0087068,MESH:D013668
biolink:ChemicalEntity,UMLS:C0288877,MESH:D050765
biolink:Drug,UMLS:C3669283,MESH:D065427
biolink:ChemicalEntity,UMLS:C0074825,MESH:D018969
biolink:Drug,UMLS:C0521941,MESH:D050071
biolink:ChemicalEntity,UMLS:C3840421,MESH:D000074
biolink:Drug,UMLS:C0032140,MESH:D010958
biolink:ChemicalEntity,UMLS:C0076919,MESH:D035362
biolink:ChemicalEntity,UMLS:C2982393,MESH:D000071
biolink:ChemicalEntity,UMLS:C0030156,MESH:D014758
biolink:ChemicalEntity,UMLS:C1564871,MESH:D050980
biolink:ChemicalEntity,UMLS:C0600151,MESH:D033781
biolink:ChemicalEntity,UMLS:C0016042,MESH:D005349
biolink:ChemicalEntity,UMLS:C0525067,MESH:D019995
biolink:ChemicalEntity,UMLS:C0019822,MESH:D015707
biolink:ChemicalEntity,UMLS:C0079492,MESH:D016298
biolink:ChemicalEntity,UMLS:C4277631,MESH:D000071
biolink:ChemicalEntity,UMLS:C0759231,MESH:D036383
biolink:ChemicalEntity,UMLS:C3887917,MESH:D056930
biolink:Drug,UMLS:C0002444,MESH:D000563
biolink:ChemicalEntity,UMLS:C0004625,MESH:D001425
biolink:ChemicalEntity,UMLS:C0033002,MESH:D011268
biolink:ChemicalEntity,UMLS:C0002287,MESH:D007768
biolink:ChemicalEntity,UMLS:C0083735,MESH:D020933
biolink:ChemicalEntity,UMLS:C0609068,MESH:D055333
biolink:Drug,UMLS:C0145988,MESH:D019714
biolink:ChemicalEntity,UMLS:C1566224,MESH:D051669
biolink:ChemicalEntity,UMLS:C0242565,MESH:D015815
biolink:ChemicalEntity,UMLS:C0058889,MESH:D000071
biolink:ChemicalEntity,UMLS:C3658247,MESH:D064267
biolink:ChemicalEntity,UMLS:C2827433,MESH:D060565
biolink:ChemicalEntity,UMLS:C0009518,MESH:D015935
biolink:ChemicalEntity,UMLS:C0003987,MESH:D001212
biolink:ChemicalEntity,UMLS:C0039718,MESH:D014168
biolink:ChemicalEntity,UMLS:C0041368,MESH:D048069
biolink:Drug,UMLS:C3850105,MESH:D065094
biolink:ChemicalEntity,UMLS:C1721013,MESH:D053564
biolink:ChemicalEntity,UMLS:C0051609,MESH:D026905
biolink:ChemicalEntity,UMLS:C0386983,MESH:D053673
biolink:ChemicalEntity,UMLS:C0255194,MESH:D000071
biolink:ChemicalEntity,UMLS:C0042892,MESH:D047048
biolink:ChemicalEntity,UMLS:C0887822,MESH:D021341
biolink:ChemicalEntity,UMLS:C2936531,MESH:D058851
biolink:ChemicalEntity,UMLS:C0287829,MESH:D051524
biolink:ChemicalEntity,UMLS:C0015145,MESH:D000185
biolink:ChemicalEntity,UMLS:C0285487,MESH:D020066
biolink:ChemicalEntity,UMLS:C0005186,MESH:D000199
biolink:ChemicalEntity,UMLS:C0215739,MESH:D050958
biolink:ChemicalEntity,UMLS:C0018850,MESH:D006360
biolink:ChemicalEntity,UMLS:C1097317,MESH:D050677
biolink:ChemicalEntity,UMLS:C0753208,MESH:D051845
biolink:ChemicalEntity,UMLS:C0027876,MESH:D019062
biolink:ChemicalEntity,UMLS:C0244635,MESH:D037541
biolink:ChemicalEntity,UMLS:C0101379,MESH:D051701
biolink:ChemicalEntity,UMLS:C0042715,MESH:D014759
biolink:Drug,UMLS:C0008362,MESH:D002756
biolink:ChemicalEntity,UMLS:C0292991,MESH:D051616
biolink:Drug,UMLS:C3179143,MESH:D061485
biolink:Drug,UMLS:C0282375,MESH:D014663
biolink:Drug,UMLS:C0700917,MESH:D010206
biolink:ChemicalEntity,UMLS:C0110613,MESH:D018031
biolink:ChemicalEntity,UMLS:C1571448,MESH:D049294
biolink:ChemicalEntity,UMLS:C1135985,MESH:D033903
biolink:Drug,UMLS:C0947705,MESH:D015718
biolink:ChemicalEntity,UMLS:C0162842,MESH:D017502
biolink:ChemicalEntity,UMLS:C0063873,MESH:D033863
biolink:ChemicalEntity,UMLS:C3494363,MESH:D062725
biolink:ChemicalEntity,UMLS:C0386581,MESH:D055413
biolink:Drug,UMLS:C0034541,MESH:D011838
biolink:ChemicalEntity,UMLS:C0524533,MESH:D038203
biolink:ChemicalEntity,UMLS:C0525543,MESH:D039601
biolink:ChemicalEntity,UMLS:C0252023,MESH:D051257
biolink:ChemicalEntity,UMLS:C0077400,MESH:D019209
biolink:ChemicalEntity,UMLS:C0284965,MESH:D034982
biolink:ChemicalEntity,UMLS:C4255186,MESH:D000071
biolink:ChemicalEntity,UMLS:C0753860,MESH:D043170
biolink:Drug,UMLS:C0056117,MESH:D061965
biolink:Drug,UMLS:C2936379,MESH:D058425
biolink:ChemicalEntity,UMLS:C1436598,MESH:D049128
biolink:ChemicalEntity,UMLS:C4255087,MESH:D000070
biolink:ChemicalEntity,UMLS:C0291784,MESH:D055758
biolink:ChemicalEntity,UMLS:C0134596,MESH:D019268
biolink:ChemicalEntity,UMLS:C5392086,MESH:D000082
biolink:ChemicalEntity,UMLS:C0023504,MESH:D007956
biolink:ChemicalEntity,UMLS:C0005157,MESH:D001609
biolink:Drug,UMLS:C1268905,MESH:D000082
biolink:ChemicalEntity,UMLS:C0052193,MESH:D053399
biolink:ChemicalEntity,UMLS:C2350553,MESH:D055760
biolink:ChemicalEntity,UMLS:C0016614,MESH:D005580
biolink:ChemicalEntity,UMLS:C1721080,MESH:D053823
biolink:ChemicalEntity,UMLS:C0249951,MESH:D051738
biolink:ChemicalEntity,UMLS:C0964147,MESH:D060788
biolink:Drug,UMLS:C1170049,MESH:D000077
biolink:ChemicalEntity,UMLS:C0085182,MESH:D016608
biolink:Drug,UMLS:C1529600,MESH:D000069
biolink:ChemicalEntity,UMLS:C0022144,MESH:D007518
biolink:Drug,UMLS:C0062802,MESH:D059871
biolink:ChemicalEntity,UMLS:C0040680,MESH:D014168
biolink:ChemicalEntity,UMLS:C0060919,MESH:D050485
biolink:Drug,UMLS:C0947703,MESH:D015718
biolink:ChemicalEntity,UMLS:C0062818,MESH:D059910
biolink:ChemicalEntity,UMLS:C4505340,MESH:D000076
biolink:ChemicalEntity,UMLS:C3540538,MESH:D000071
biolink:ChemicalEntity,UMLS:C2347341,MESH:D000071
biolink:ChemicalEntity,UMLS:C0021666,MESH:D007335
biolink:ChemicalEntity,UMLS:C0385242,MESH:D053221
biolink:ChemicalEntity,UMLS:C0104230,MESH:D019393
biolink:ChemicalEntity,UMLS:C0013703,MESH:D004527
biolink:Drug,UMLS:C4318642,MESH:D000074
biolink:ChemicalEntity,UMLS:C5392151,MESH:D000086
biolink:ChemicalEntity,UMLS:C0062838,MESH:D059950
biolink:ChemicalEntity,UMLS:C0103841,MESH:D053305
biolink:ChemicalEntity,UMLS:C0379710,MESH:D051242
biolink:ChemicalEntity,UMLS:C0348041,MESH:D005169
biolink:ChemicalEntity,UMLS:C0032551,MESH:D000952
biolink:ChemicalEntity,UMLS:C1120520,MESH:D051786
biolink:ChemicalEntity,UMLS:C1566548,MESH:D051779
biolink:Drug,UMLS:C1171255,MESH:D000068
biolink:ChemicalEntity,UMLS:C0036639,MESH:D014760
biolink:ChemicalEntity,UMLS:C0041538,MESH:D025801
biolink:Drug,UMLS:C0027866,MESH:D009466
biolink:ChemicalEntity,UMLS:C0062200,MESH:D019267
biolink:ChemicalEntity,UMLS:C1449655,MESH:D046911
biolink:ChemicalEntity,UMLS:C0040642,MESH:D014155
biolink:Drug,UMLS:C0282532,MESH:D018906
biolink:ChemicalEntity,UMLS:C0009629,MESH:D003207
biolink:ChemicalEntity,UMLS:C0016026,MESH:D005346
biolink:ChemicalEntity,UMLS:C0686792,MESH:D050499
biolink:ChemicalEntity,UMLS:C0009291,MESH:D003087
biolink:Drug,UMLS:C0021761,MESH:D015851
biolink:ChemicalEntity,UMLS:C0009339,MESH:D024121
biolink:ChemicalEntity,UMLS:C0077404,MESH:D020107
biolink:ChemicalEntity,UMLS:C2717833,MESH:D004398
biolink:ChemicalEntity,UMLS:C0003592,MESH:D001054
biolink:Drug,UMLS:C0017302,MESH:D018681
biolink:ChemicalEntity,UMLS:C1565936,MESH:D051580
biolink:ChemicalEntity,UMLS:C0040538,MESH:D015386
biolink:ChemicalEntity,UMLS:C0024429,MESH:D008263
biolink:Drug,UMLS:C0002199,MESH:D016898
biolink:ChemicalEntity,UMLS:C0293237,MESH:D027283
biolink:ChemicalEntity,UMLS:C0299173,MESH:D050957
biolink:ChemicalEntity,UMLS:C0209548,MESH:D022782
biolink:ChemicalEntity,UMLS:C0022912,MESH:D007768
biolink:Drug,UMLS:C0057256,MESH:D023082
biolink:ChemicalEntity,UMLS:C0060095,MESH:D050556
biolink:Drug,UMLS:C1174773,MESH:D000069
biolink:ChemicalEntity,UMLS:C0376570,MESH:D019390
biolink:ChemicalEntity,UMLS:C0002202,MESH:D038202
biolink:ChemicalEntity,UMLS:C0017007,MESH:D005719
biolink:Drug,UMLS:C1330330,MESH:D064548
biolink:ChemicalEntity,UMLS:C0026484,MESH:D015846
biolink:ChemicalEntity,UMLS:C0380603,MESH:D016222
biolink:Drug,UMLS:C0085980,MESH:D016860
biolink:ChemicalEntity,UMLS:C0043140,MESH:D014909
biolink:ChemicalEntity,UMLS:C0054966,MESH:D018957
biolink:ChemicalEntity,UMLS:C0667141,MESH:D000074
biolink:ChemicalEntity,UMLS:C1571638,MESH:D051640
biolink:ChemicalEntity,UMLS:C0083867,MESH:D055419
biolink:ChemicalEntity,UMLS:C0106132,MESH:D018997
biolink:ChemicalEntity,UMLS:C0035552,MESH:D012269
biolink:Drug,UMLS:C0600251,MESH:D053582
biolink:ChemicalEntity,UMLS:C2350181,MESH:D015891
biolink:ChemicalEntity,UMLS:C1136092,MESH:D034502
biolink:ChemicalEntity,UMLS:C0662864,MESH:D050765
biolink:ChemicalEntity,UMLS:C0055061,MESH:D051936
biolink:ChemicalEntity,UMLS:C0769349,MESH:D050778
biolink:Drug,UMLS:C0020843,MESH:D007072
biolink:ChemicalEntity,UMLS:C1566589,MESH:D051796
biolink:ChemicalEntity,UMLS:C0038164,MESH:D013205
biolink:ChemicalEntity,UMLS:C0949709,MESH:D025604
biolink:ChemicalEntity,UMLS:C0752681,MESH:D039601
biolink:ChemicalEntity,UMLS:C0055857,MESH:D033942
biolink:Drug,UMLS:C0002191,MESH:D000515
biolink:Drug,UMLS:C0013232,MESH:D009965
biolink:ChemicalEntity,UMLS:C0751959,MESH:D020523
biolink:Drug,UMLS:C4086713,MESH:D000082
biolink:ChemicalEntity,UMLS:C0377993,MESH:D054815
biolink:ChemicalEntity,UMLS:C4277752,MESH:D000070
biolink:ChemicalEntity,UMLS:C0083029,MESH:D050832
biolink:ChemicalEntity,UMLS:C0054502,MESH:D017302
biolink:ChemicalEntity,UMLS:C0008011,MESH:D002629
biolink:ChemicalEntity,UMLS:C1579129,MESH:D051518
biolink:ChemicalEntity,UMLS:C1135987,MESH:D033941
biolink:ChemicalEntity,UMLS:C0969723,MESH:D029584
biolink:Drug,UMLS:C0041658,MESH:D014475
biolink:ChemicalEntity,UMLS:C0949784,MESH:D027202
biolink:Drug,UMLS:C0702053,MESH:D018029
biolink:ChemicalEntity,UMLS:C0524626,MESH:D053536
biolink:ChemicalEntity,UMLS:C0253930,MESH:D039564
biolink:Drug,UMLS:C4289021,MESH:D014030
biolink:ChemicalEntity,UMLS:C0079904,MESH:D016328
biolink:ChemicalEntity,UMLS:C0032168,MESH:D010970
biolink:Drug,UMLS:C0003445,MESH:D000992
biolink:ChemicalEntity,UMLS:C0612207,MESH:D048948
biolink:ChemicalEntity,UMLS:C1506478,MESH:D050485
biolink:ChemicalEntity,UMLS:C0286878,MESH:D050857
biolink:ChemicalEntity,UMLS:C0019799,MESH:D024242
biolink:ChemicalEntity,UMLS:C0118890,MESH:D050989
biolink:ChemicalEntity,UMLS:C0249404,MESH:D051264
biolink:ChemicalEntity,UMLS:C0085805,MESH:D000727
biolink:ChemicalEntity,UMLS:C0949739,MESH:D026161
biolink:Drug,UMLS:C0872245,MESH:D026902
biolink:ChemicalEntity,UMLS:C2350409,MESH:D055504
biolink:ChemicalEntity,UMLS:C2985522,MESH:D009812
biolink:ChemicalEntity,UMLS:C1449957,MESH:D049028
biolink:ChemicalEntity,UMLS:C2717838,MESH:D056488
biolink:Drug,UMLS:C4704729,MESH:D000077
biolink:Drug,UMLS:C0016061,MESH:D005339
biolink:Drug,UMLS:C0242937,MESH:D018712
biolink:Drug,UMLS:C0591578,MESH:D000078
biolink:ChemicalEntity,UMLS:C0207722,MESH:D018992
biolink:ChemicalEntity,UMLS:C2350402,MESH:D055457
biolink:ChemicalEntity,UMLS:C1135986,MESH:D033921
biolink:ChemicalEntity,UMLS:C0118891,MESH:D050990
biolink:ChemicalEntity,UMLS:C0119268,MESH:D020890
biolink:ChemicalEntity,UMLS:C0079019,MESH:D016228
biolink:ChemicalEntity,UMLS:C0971872,MESH:D027182
biolink:ChemicalEntity,UMLS:C0288250,MESH:D051036
biolink:ChemicalEntity,UMLS:C0076918,MESH:D035561
biolink:ChemicalEntity,UMLS:C0391360,MESH:D051670
biolink:ChemicalEntity,UMLS:C0969702,MESH:D026921
biolink:ChemicalEntity,UMLS:C0905649,MESH:D055430
biolink:Drug,UMLS:C0014822,MESH:D004921
biolink:ChemicalEntity,UMLS:C0020135,MESH:D010451
biolink:ChemicalEntity,UMLS:C0019161,MESH:D006508
biolink:ChemicalEntity,UMLS:C0949787,MESH:D027282
biolink:ChemicalEntity,UMLS:C1136144,MESH:D034441
biolink:ChemicalEntity,UMLS:C0282604,MESH:D019038
biolink:ChemicalEntity,UMLS:C0009286,MESH:D003087
biolink:ChemicalEntity,UMLS:C0132348,MESH:D052002
biolink:Drug,UMLS:C0085386,MESH:D016860
biolink:ChemicalEntity,UMLS:C0949610,MESH:D024101
biolink:ChemicalEntity,UMLS:C0054952,MESH:D063268
biolink:ChemicalEntity,UMLS:C0065042,MESH:D017302
biolink:ChemicalEntity,UMLS:C0003253,MESH:D000914
biolink:ChemicalEntity,UMLS:C0025978,MESH:D008840
biolink:ChemicalEntity,UMLS:C0249367,MESH:D050703
biolink:ChemicalEntity,UMLS:C0080245,MESH:D016329
biolink:ChemicalEntity,UMLS:C1955907,MESH:D054392
biolink:ChemicalEntity,UMLS:C0018284,MESH:D036341
biolink:ChemicalEntity,UMLS:C0668194,MESH:D050612
biolink:ChemicalEntity,UMLS:C0061906,MESH:D018834
biolink:Drug,UMLS:C0003440,MESH:D000991
biolink:ChemicalEntity,UMLS:C0903738,MESH:D033962
biolink:ChemicalEntity,UMLS:C0288263,MESH:D020746
biolink:ChemicalEntity,UMLS:C0246988,MESH:D039961
biolink:ChemicalEntity,UMLS:C2717952,MESH:D056970
biolink:ChemicalEntity,UMLS:C0009515,MESH:D015933
biolink:ChemicalEntity,UMLS:C0029923,MESH:D010047
biolink:ChemicalEntity,UMLS:C0024388,MESH:D000176
biolink:ChemicalEntity,UMLS:C0019847,MESH:D014155
biolink:ChemicalEntity,UMLS:C0950470,MESH:D034482
biolink:ChemicalEntity,UMLS:C0380033,MESH:D051738
biolink:ChemicalEntity,UMLS:C0018909,MESH:D006388
biolink:ChemicalEntity,UMLS:C0968256,MESH:D000067
biolink:Drug,UMLS:C3494352,MESH:D062686
biolink:ChemicalEntity,UMLS:C0008897,MESH:D015395
biolink:ChemicalEntity,UMLS:C0030009,MESH:D010083
biolink:Drug,UMLS:C0162754,MESH:D058825
biolink:ChemicalEntity,UMLS:C0949597,MESH:D024002
biolink:ChemicalEntity,UMLS:C0126037,MESH:D051539
biolink:ChemicalEntity,UMLS:C0042712,MESH:D014759
biolink:ChemicalEntity,UMLS:C0074398,MESH:D026362
biolink:ChemicalEntity,UMLS:C1578593,MESH:D051604
biolink:ChemicalEntity,UMLS:C1566771,MESH:D051907
biolink:ChemicalEntity,UMLS:C0527903,MESH:D051940
biolink:ChemicalEntity,UMLS:C0032596,MESH:D012795
biolink:ChemicalEntity,UMLS:C0010808,MESH:D053533
biolink:ChemicalEntity,UMLS:C1306918,MESH:D050556
biolink:ChemicalEntity,UMLS:C1564499,MESH:D050699
biolink:Drug,UMLS:C0002763,MESH:D000697
biolink:ChemicalEntity,UMLS:C1564906,MESH:D051181
biolink:Drug,UMLS:C0524500,MESH:D001802
biolink:ChemicalEntity,UMLS:C0005290,MESH:D014404
biolink:ChemicalEntity,UMLS:C0027934,MESH:D009498
biolink:ChemicalEntity,UMLS:C0148323,MESH:D022603
biolink:ChemicalEntity,UMLS:C1449692,MESH:D047348
biolink:ChemicalEntity,UMLS:C3203086,MESH:D060890
biolink:ChemicalEntity,UMLS:C1565154,MESH:D051297
biolink:Drug,UMLS:C0018928,MESH:D006397
biolink:ChemicalEntity,UMLS:C0042872,MESH:D014809
biolink:ChemicalEntity,UMLS:C0600161,MESH:D001057
biolink:ChemicalEntity,UMLS:C0055631,MESH:D017302
biolink:ChemicalEntity,UMLS:C4319820,MESH:D000074
biolink:ChemicalEntity,UMLS:C0531588,MESH:D051023
biolink:ChemicalEntity,UMLS:C0033362,MESH:D011384
biolink:Drug,UMLS:C0728931,MESH:D011060
biolink:ChemicalEntity,UMLS:C0528206,MESH:D051191
biolink:ChemicalEntity,UMLS:C0005832,MESH:D001798
biolink:ChemicalEntity,UMLS:C0086452,MESH:D000949
biolink:ChemicalEntity,UMLS:C0009288,MESH:D003087
biolink:ChemicalEntity,UMLS:C0633372,MESH:D020710
biolink:ChemicalEntity,UMLS:C1566020,MESH:D051605
biolink:Drug,UMLS:C0032393,MESH:D011060
biolink:ChemicalEntity,UMLS:C0606868,MESH:D020735
biolink:ChemicalEntity,UMLS:C0060993,MESH:D019004
biolink:ChemicalEntity,UMLS:C0059249,MESH:D017304
biolink:Drug,UMLS:C1563712,MESH:D049993
biolink:ChemicalEntity,UMLS:C0215407,MESH:D051356
biolink:ChemicalEntity,UMLS:C0165073,MESH:D051843
biolink:Drug,UMLS:C0008425,MESH:D002800
biolink:Drug,UMLS:C1314901,MESH:D000069
biolink:ChemicalEntity,UMLS:C0042989,MESH:D014643
biolink:ChemicalEntity,UMLS:C3665615,MESH:D064486
biolink:Drug,UMLS:C0033600,MESH:D011479
biolink:ChemicalEntity,UMLS:C0528480,MESH:D053766
biolink:Drug,UMLS:C1142956,MESH:C464579
biolink:ChemicalEntity,UMLS:C0015498,MESH:D005165
biolink:ChemicalEntity,UMLS:C0538280,MESH:D050886
biolink:ChemicalEntity,UMLS:C0004965,MESH:D001536
biolink:ChemicalEntity,UMLS:C0019113,MESH:D006485
biolink:ChemicalEntity,UMLS:C1522526,MESH:D000910
biolink:ChemicalEntity,UMLS:C0007061,MESH:D002263
biolink:ChemicalEntity,UMLS:C2350557,MESH:D000071
biolink:Drug,UMLS:C1704256,MESH:D053773
biolink:ChemicalEntity,UMLS:C0111208,MESH:D060908
biolink:ChemicalEntity,UMLS:C0016194,MESH:D005408
biolink:ChemicalEntity,UMLS:C0950472,MESH:D034702
biolink:Drug,UMLS:C0021753,MESH:D053583
biolink:ChemicalEntity,UMLS:C0103575,MESH:D021301
biolink:ChemicalEntity,UMLS:C0015525,MESH:D005174
biolink:ChemicalEntity,UMLS:C0525217,MESH:D051304
biolink:ChemicalEntity,UMLS:C0027097,MESH:D018994
biolink:ChemicalEntity,UMLS:C0001484,MESH:D014758
biolink:ChemicalEntity,UMLS:C0054947,MESH:D051918
biolink:ChemicalEntity,UMLS:C1136023,MESH:D034481
biolink:Drug,UMLS:C3850056,MESH:D065692
biolink:ChemicalEntity,UMLS:C1313613,MESH:D053558
biolink:ChemicalEntity,UMLS:C0755397,MESH:D056913
biolink:Drug,UMLS:C1367202,MESH:D000074
biolink:ChemicalEntity,UMLS:C0019754,MESH:D006681
biolink:ChemicalEntity,UMLS:C0163826,MESH:D053673
biolink:ChemicalEntity,UMLS:C0242194,MESH:D001457
biolink:ChemicalEntity,UMLS:C0005255,MESH:D007782
biolink:ChemicalEntity,UMLS:C0391318,MESH:D051526
biolink:ChemicalEntity,UMLS:C0103647,MESH:D019268
biolink:ChemicalEntity,UMLS:C0081692,MESH:D017493
biolink:Drug,UMLS:C2917322,MESH:D058906
biolink:ChemicalEntity,UMLS:C1148798,MESH:D051696
biolink:ChemicalEntity,UMLS:C1258027,MESH:D045462
biolink:ChemicalEntity,UMLS:C1171311,MESH:D047668
biolink:ChemicalEntity,UMLS:C2717930,MESH:D056918
biolink:ChemicalEntity,UMLS:C0079702,MESH:D045342
biolink:ChemicalEntity,UMLS:C0286648,MESH:D053594
biolink:ChemicalEntity,UMLS:C0115220,MESH:D049411
biolink:ChemicalEntity,UMLS:C0025248,MESH:D008562
biolink:Drug,UMLS:C2362327,MESH:D058573
biolink:ChemicalEntity,UMLS:C0037799,MESH:D013049
biolink:ChemicalEntity,UMLS:C3486455,MESH:D000078
biolink:ChemicalEntity,UMLS:C1578588,MESH:D051300
biolink:ChemicalEntity,UMLS:C0078933,MESH:D016228
biolink:ChemicalEntity,UMLS:C0114338,MESH:D000070
biolink:Drug,UMLS:C1121766,MESH:C452190
biolink:ChemicalEntity,UMLS:C0086091,MESH:D053534
biolink:Drug,UMLS:C0162506,MESH:D016756
biolink:ChemicalEntity,UMLS:C0019487,MESH:D009004
biolink:ChemicalEntity,UMLS:C0032570,MESH:D015678
biolink:ChemicalEntity,UMLS:C0072461,MESH:D050783
biolink:ChemicalEntity,UMLS:C1569870,MESH:D000071
biolink:ChemicalEntity,UMLS:C0286983,MESH:D051861
biolink:ChemicalEntity,UMLS:C4318623,MESH:D000075
biolink:ChemicalEntity,UMLS:C0753512,MESH:D034501
biolink:ChemicalEntity,UMLS:C4319826,MESH:D000074
biolink:Drug,UMLS:C0003207,MESH:D000892
biolink:ChemicalEntity,UMLS:C0020100,MESH:D015482
biolink:ChemicalEntity,UMLS:C0382839,MESH:D051920
biolink:ChemicalEntity,UMLS:C0123259,MESH:D018975
biolink:Drug,UMLS:C0086985,MESH:D012836
biolink:ChemicalEntity,UMLS:C0069117,MESH:D050811
biolink:ChemicalEntity,UMLS:C0220416,MESH:D051763
biolink:ChemicalEntity,UMLS:C1100661,MESH:D051028
biolink:Drug,UMLS:C2936609,MESH:D058988
biolink:ChemicalEntity,UMLS:C0246816,MESH:D050827
biolink:ChemicalEntity,UMLS:C0016013,MESH:D015241
biolink:ChemicalEntity,UMLS:C0908146,MESH:D000083
biolink:ChemicalEntity,UMLS:C0213144,MESH:D055429
biolink:ChemicalEntity,UMLS:C0752689,MESH:D034541
biolink:ChemicalEntity,UMLS:C0537022,MESH:D000072
biolink:ChemicalEntity,UMLS:C3178876,MESH:D059871
biolink:Drug,UMLS:C0700704,MESH:D000068
biolink:ChemicalEntity,UMLS:C0009915,MESH:D003285
biolink:Drug,UMLS:C0358855,MESH:D061485
biolink:ChemicalEntity,UMLS:C2350411,MESH:D055511
biolink:ChemicalEntity,UMLS:C0074783,MESH:D050491
biolink:ChemicalEntity,UMLS:C0024511,MESH:D014758
biolink:ChemicalEntity,UMLS:C1508748,MESH:D015290
biolink:ChemicalEntity,UMLS:C0037183,MESH:D004268
biolink:ChemicalEntity,UMLS:C0656393,MESH:D050493
biolink:ChemicalEntity,UMLS:C0904258,MESH:D059951
biolink:ChemicalEntity,UMLS:C0051913,MESH:D027321
biolink:ChemicalEntity,UMLS:C0537521,MESH:D054369
biolink:ChemicalEntity,UMLS:C0752316,MESH:D020932
biolink:ChemicalEntity,UMLS:C0214230,MESH:D024661
biolink:ChemicalEntity,UMLS:C0084785,MESH:D000074
biolink:ChemicalEntity,UMLS:C0069906,MESH:D018435
biolink:ChemicalEntity,UMLS:C0020856,MESH:D007074
biolink:ChemicalEntity,UMLS:C0086193,MESH:D012234
biolink:ChemicalEntity,UMLS:C0005248,MESH:D007782
biolink:Drug,UMLS:C0019120,MESH:D006490
biolink:ChemicalEntity,UMLS:C0379885,MESH:D054410
biolink:ChemicalEntity,UMLS:C0075689,MESH:D050825
biolink:Drug,UMLS:C0282555,MESH:D018926
biolink:ChemicalEntity,UMLS:C0002311,MESH:D013049
biolink:ChemicalEntity,UMLS:C0041193,MESH:D014332
biolink:ChemicalEntity,UMLS:C0003313,MESH:D000936
biolink:ChemicalEntity,UMLS:C0070802,MESH:D049294
biolink:ChemicalEntity,UMLS:C3178961,MESH:D060466
biolink:Drug,UMLS:C0243019,MESH:D018796
biolink:ChemicalEntity,UMLS:C0904586,MESH:D050857
biolink:ChemicalEntity,UMLS:C0671649,MESH:D014030
biolink:ChemicalEntity,UMLS:C4319594,MESH:D000074
biolink:ChemicalEntity,UMLS:C0003595,MESH:D001057
biolink:Drug,UMLS:C3850068,MESH:D065609
biolink:ChemicalEntity,UMLS:C0252828,MESH:D020756
biolink:ChemicalEntity,UMLS:C0018595,MESH:D006242
biolink:ChemicalEntity,UMLS:C0301224,MESH:D000067
biolink:ChemicalEntity,UMLS:C0009950,MESH:D003292
biolink:ChemicalEntity,UMLS:C0143466,MESH:D050808
biolink:ChemicalEntity,UMLS:C0021027,MESH:D007136
biolink:ChemicalEntity,UMLS:C0137715,MESH:D039221
biolink:ChemicalEntity,UMLS:C0074512,MESH:D018271
biolink:Drug,UMLS:C0723005,MESH:D000077
biolink:Drug,UMLS:C0026594,MESH:D009037
biolink:ChemicalEntity,UMLS:C0004891,MESH:D016044
biolink:ChemicalEntity,UMLS:C0109271,MESH:D018835
biolink:ChemicalEntity,UMLS:C0015933,MESH:D060747
biolink:Drug,UMLS:C0033706,MESH:D011516
biolink:ChemicalEntity,UMLS:C0520444,MESH:D001055
biolink:ChemicalEntity,UMLS:C0086361,MESH:D006021
biolink:ChemicalEntity,UMLS:C0288472,MESH:D050759
biolink:ChemicalEntity,UMLS:C0250604,MESH:D054413
biolink:ChemicalEntity,UMLS:C0243041,MESH:D018832
biolink:ChemicalEntity,UMLS:C0530724,MESH:D020756
biolink:ChemicalEntity,UMLS:C1449958,MESH:D049029
biolink:ChemicalEntity,UMLS:C0019800,MESH:D024261
biolink:ChemicalEntity,UMLS:C0137956,MESH:D018272
biolink:ChemicalEntity,UMLS:C0126732,MESH:D000072
biolink:ChemicalEntity,UMLS:C0002210,MESH:D000509
biolink:ChemicalEntity,UMLS:C1564654,MESH:D050791
biolink:ChemicalEntity,UMLS:C1564603,MESH:D003185
biolink:ChemicalEntity,UMLS:C1956061,MESH:D054804
biolink:Drug,UMLS:C0732355,MESH:D000069
biolink:ChemicalEntity,UMLS:C0138514,MESH:D000072
biolink:Drug,UMLS:C0182638,MESH:D019275
biolink:Drug,UMLS:C0003450,MESH:D000997
biolink:ChemicalEntity,UMLS:C0248805,MESH:D051269
biolink:ChemicalEntity,UMLS:C0287682,MESH:D050827
biolink:ChemicalEntity,UMLS:C0949641,MESH:D024422
biolink:ChemicalEntity,UMLS:C1564870,MESH:D051473
biolink:Drug,UMLS:C0304925,MESH:D000075
biolink:Drug,UMLS:C0039617,MESH:D013744
biolink:ChemicalEntity,UMLS:C0530079,MESH:D033922
biolink:ChemicalEntity,UMLS:C1955935,MESH:D054479
biolink:ChemicalEntity,UMLS:C4318437,MESH:D000075
biolink:Drug,UMLS:C3494178,MESH:D016756
biolink:ChemicalEntity,UMLS:C0013952,MESH:D013723
biolink:ChemicalEntity,UMLS:C0080055,MESH:D016159
biolink:ChemicalEntity,UMLS:C0388155,MESH:D051670
biolink:ChemicalEntity,UMLS:C3503762,MESH:D062949
biolink:ChemicalEntity,UMLS:C0962545,MESH:D050765
biolink:ChemicalEntity,UMLS:C1955903,MESH:D054382
biolink:ChemicalEntity,UMLS:C1566330,MESH:D051703
biolink:Drug,UMLS:C1328107,MESH:D000080
biolink:ChemicalEntity,UMLS:C0122111,MESH:D025743
biolink:ChemicalEntity,UMLS:C4255371,MESH:D000071
biolink:ChemicalEntity,UMLS:C0380297,MESH:D039503
biolink:ChemicalEntity,UMLS:C2985546,MESH:D061067
biolink:ChemicalEntity,UMLS:C0017018,MESH:D007142
biolink:Drug,UMLS:C1122825,MESH:C452189
biolink:ChemicalEntity,UMLS:C0172659,MESH:D051705
biolink:Drug,UMLS:C0027865,MESH:D009465
biolink:Drug,UMLS:C0577783,MESH:D061210
biolink:ChemicalEntity,UMLS:C4319938,MESH:D000076
biolink:ChemicalEntity,UMLS:C0020855,MESH:D007074
biolink:ChemicalEntity,UMLS:C0079408,MESH:D016346
biolink:Drug,UMLS:C2986418,MESH:D000084
biolink:ChemicalEntity,UMLS:C0110610,MESH:D055513
biolink:ChemicalEntity,UMLS:C0649046,MESH:D051938
biolink:ChemicalEntity,UMLS:C0291905,MESH:D054840
biolink:ChemicalEntity,UMLS:C0022204,MESH:D008668
biolink:ChemicalEntity,UMLS:C0390425,MESH:D000081
biolink:ChemicalEntity,UMLS:C0033693,MESH:D011510
biolink:ChemicalEntity,UMLS:C0067053,MESH:D018008
biolink:ChemicalEntity,UMLS:C0074777,MESH:D028021
biolink:ChemicalEntity,UMLS:C0060623,MESH:D038681
biolink:ChemicalEntity,UMLS:C0086821,MESH:D011043
biolink:ChemicalEntity,UMLS:C0016890,MESH:D000199
biolink:ChemicalEntity,UMLS:C0079633,MESH:D016209
biolink:ChemicalEntity,UMLS:C0949720,MESH:D025765
biolink:Drug,UMLS:C2936586,MESH:D058921
biolink:ChemicalEntity,UMLS:C0019042,MESH:D006442
biolink:ChemicalEntity,UMLS:C0001869,MESH:D000393
biolink:ChemicalEntity,UMLS:C0010404,MESH:D003450
biolink:ChemicalEntity,UMLS:C0662866,MESH:D050765
biolink:ChemicalEntity,UMLS:C0013662,MESH:D010444
biolink:ChemicalEntity,UMLS:C1956032,MESH:D054715
biolink:ChemicalEntity,UMLS:C0164801,MESH:D051154
biolink:ChemicalEntity,UMLS:C0001271,MESH:D000199
biolink:ChemicalEntity,UMLS:C0033186,MESH:D024042
biolink:ChemicalEntity,UMLS:C0002723,MESH:D000685
biolink:ChemicalEntity,UMLS:C0252313,MESH:D000071
biolink:ChemicalEntity,UMLS:C0135208,MESH:D000073
biolink:ChemicalEntity,UMLS:C0019630,MESH:D000949
biolink:Drug,UMLS:C0080092,MESH:D016186
biolink:ChemicalEntity,UMLS:C0949788,MESH:D027301
biolink:Drug,UMLS:C0947702,MESH:D015718
biolink:ChemicalEntity,UMLS:C0020858,MESH:D007074
biolink:ChemicalEntity,UMLS:C0289012,MESH:D053199
biolink:ChemicalEntity,UMLS:C0064419,MESH:D051767
biolink:ChemicalEntity,UMLS:C0005252,MESH:D007782
biolink:Drug,UMLS:C0034540,MESH:D011837
biolink:ChemicalEntity,UMLS:C0085252,MESH:D016704
biolink:Drug,UMLS:C0969651,MESH:D015978
biolink:ChemicalEntity,UMLS:C3178991,MESH:D060739
biolink:Drug,UMLS:C1136312,MESH:D039563
